﻿<parameters>
  <parameter name="IIS Web Application Name" defaultValue="Default Web Site/GymVirtual_deploy" tags="IisApp">
    <parameterEntry kind="ProviderPath" scope="IisApp" match="^C:\\Users\\PcIsa\\Documents\\Visual\ Studio\ 2010\\Projects\\GymVirtual\\GymVirtual\\obj\\Release\\Package\\PackageTmp$" />
    <parameterEntry kind="ProviderPath" scope="setAcl" match="^C:\\Users\\PcIsa\\Documents\\Visual\ Studio\ 2010\\Projects\\GymVirtual\\GymVirtual\\obj\\Release\\Package\\PackageTmp$" />
  </parameter>
  <parameter name="ParametroContext-Web.config Connection String" description="ParametroContext Cadena de conexión que usa la aplicación en web.config para obtener acceso a la base de datos." defaultValue="metadata=res://*/Models.Parametro.Model.csdl|res://*/Models.Parametro.Model.ssdl|res://*/Models.Parametro.Model.msl;provider=MySql.Data.MySqlClient;provider connection string=&quot;server=192.168.0.100;user id=planta;password=planta123;persistsecurityinfo=True;database=parametro&quot;" tags="SqlConnectionString">
    <parameterEntry kind="XmlFile" scope="obj\\Release\\Package\\PackageTmp\\Web\.config$" match="/configuration/connectionStrings/add[@name='ParametroContext']/@connectionString" />
  </parameter>
  <parameter name="GymVirtual-Web.config Connection String" description="GymVirtual Cadena de conexión que usa la aplicación en web.config para obtener acceso a la base de datos." defaultValue="Data Source=localhost; database=control_acceso; uid=root; password=root" tags="SqlConnectionString">
    <parameterEntry kind="XmlFile" scope="obj\\Release\\Package\\PackageTmp\\Web\.config$" match="/configuration/connectionStrings/add[@name='GymVirtual']/@connectionString" />
  </parameter>
</parameters>